
<?xml version="1.0" encoding="UTF-8" standalone="yes"?>
<addon id="repository.lumaybox" name="lumaybox official Repo" version="1.0.0" provider-name="Lumayful">
	<extension point="xbmc.addon.repository" name="lumaybox official Repo">
		<info compressed="false">https://raw.githubusercontent.com/lumayful/lumayful/master/addons.xml</info>
		<checksum>https://raw.githubusercontent.com/lumayful/lumayful/master/addons.xml.md5</checksum>
		<datadir zip="true">https://raw.githubusercontent.com/lumayful/lumayful/master</datadir>
	</extension>
	<extension point="xbmc.addon.metadata">
		<summary>lumaybox official Repo</summary>
   		<description lang="en">Entretenimiento para todos.</description>
		<disclaimer></disclaimer>
		<platform>all</platform>
	</extension>
</addon>